{
  "model_version": "v1",
  "training_date": "2026-02-05 16:23:01",
  "n_features": 9,
  "n_samples_train": 2140,
  "n_samples_test": 535,
  "test_mae": 2.6063611766952794,
  "test_rmse": 3.339238026366813,
  "test_r2": 0.7636831718961248,
  "cv_mean_mae": 2.345785016657172,
  "cv_std_mae": 0.08455832586741699
}